[
    {
        "model": "auth.user",
        "pk": 1,
        "fields": {
            "username": "superuser",
            "email": "superuser@mail.com",
            "password": "pbkdf2_sha256$390000$jNGuKW2q0YnDal94Qqv9c3$xtLogB9SNuXhZVYnu1hatPzydj2m/MF2OtYT6LIbGFU=",
            "is_superuser": true,
            "is_staff": true,
            "is_active": true
        }
    },
    {
        "model": "courses.courseprefix",
        "pk": 1,
        "fields": {
            "prefix": "MH",
            "last_updated": "2024-09-13T05:16:06.560Z"
        }
    },
    {
        "model": "courses.courseprefix",
        "pk": 2,
        "fields": {
            "prefix": "PH",
            "last_updated": "2024-09-13T05:16:07.582Z"
        }
    },
    {
        "model": "courses.courseprefix",
        "pk": 3,
        "fields": {
            "prefix": "PS",
            "last_updated": "2024-09-13T05:16:07.882Z"
        }
    },
    {
        "model": "courses.courseprefix",
        "pk": 4,
        "fields": {
            "prefix": "SC",
            "last_updated": "2024-09-13T05:16:07.982Z"
        }
    },
    {
        "model": "courses.courseprefix",
        "pk": 5,
        "fields": {
            "prefix": "SP",
            "last_updated": "2024-09-13T05:16:08.825Z"
        }
    },
    {
        "model": "courses.course",
        "pk": 1,
        "fields": {
            "code": "MH1100",
            "name": "CALCULUS I",
            "academic_units": 4,
            "last_updated": "2024-09-13T06:10:19.589Z",
            "level": "1",
            "prefix": 1,
            "description": "This core mathematical course aims to provide an introduction to the fundamental mathematical concepts (functions, limits, continuity, derivatives and integrals). Computation of derivatives (sum, product, and quotient formulas, chain rule, and implicit differentiation), and application of derivatives to optimization problems and related rates of change problems will also be discussed. This course lays the foundation for more advanced studies in mathematics, physics, engineering, and other related subjects. \nList of key topics taught\n\n1.\tFunctions\n2.\tLimit and limit laws\n3.\tContinuity\n4.\tDerivatives and derivative function\n5.\tDifferentiation formulas\n6.\tTrigonometric derivatives and chain rules\n7.\tImplicit differentiation\n8.\tLinear approximation and extreme values\n9.\tMean value theorem\n10.\tLimit and infinity\n11.\tCurve sketching\n12.\tOptimization and Newton?s method\n13.\tAntiderivatives",
            "prerequisite": "A or H2 Level Mathematics or equivalent",
            "mutually_exclusive": "CY1601, MH110S, MH1800, MH1801, MH1802, MH1805, MH1810, MH1811",
            "not_available": null,
            "not_available_all": null,
            "offered_as_ue": true,
            "offered_as_bde": true,
            "grade_type": null,
            "not_offered_as_core_to": null,
            "not_offered_as_pe_to": null,
            "not_offered_as_bde_ue_to": "CEE 1, CHEM(2011-onwards), EEE, EEE 1, ENE 1, ENG, ENG(EEE), MAT, ME 1, PHY(2011-onwards)",
            "department_maintaining": "MATH(SPS)",
            "program_list": null,
            "exam_schedule": "2024-12-0513:00-15:00OOOOOOOOOOXXXXOOOOOOOOOOOOOOOOOO",
            "common_schedule": "OOOOOOOOOOOOOOOOOOOOOOOOOOOOOOOOOOOOOOOOOOOOOOOOOOOOOOOOOOOOOOOOOOOOOOOOOOOOOOOOOOOOOOOOOOOOOOOOOOOXXOOOOOOOOOOOOOOOOOOOOOOOOOOOOOOXXXXOOOOOOOOOOOOOOOOOOOOOOOOOOOOOOOOOOOOOOOOOOOOOOOOOOOOOOOOO",
            "common_information": "LEC/STUDIO^LE^FRI^0930-1120^LT23^;LEC/STUDIO^LE^THU^0930-1020^LT27^"
        }
    },
    {
        "model": "courses.course",
        "pk": 2,
        "fields": {
            "code": "MH1200",
            "name": "LINEAR ALGEBRA I",
            "academic_units": 4,
            "last_updated": "2024-09-13T06:10:19.374Z",
            "level": "1",
            "prefix": 1,
            "description": "This is a core course for mathematics students and a suitable elective for engineering students.  This course provides a grounding on vectors, matrices, and solving systems of linear equations that is fundamental for future mathematics courses and also many practical applications.\nThe course begins by introducing vectors and matrices, and basic operations on them.  We then move into the fundamental topic of solving system of linear equations and learn the Gaussian elimination algorithm, an idea that pervades the entire course.  In the second half of the course we revisit these ideas in a more abstract way, learning about general vector spaces, linear independence, and the fundamental subspaces associated with a matrix.  These ideas are then applied to finding the least squares solution to an inconsistent system of linear equations.",
            "prerequisite": "A or H2 Level Mathematics or equivalent",
            "mutually_exclusive": "CE1104, CY1602, CZ1104, MH2800, MH2802, SC1004",
            "not_available": "BCE, BCG, CE, CEEC, CSC, CSEC, EEE, EEEC, IEEC, IEM",
            "not_available_all": null,
            "offered_as_ue": true,
            "offered_as_bde": true,
            "grade_type": null,
            "not_offered_as_core_to": null,
            "not_offered_as_pe_to": null,
            "not_offered_as_bde_ue_to": "PHY(2011-onwards)",
            "department_maintaining": "MATH(SPS)",
            "program_list": null,
            "exam_schedule": "2024-11-2914:30-16:30OOOOOOOOOOOOXXXXOOOOOOOOOOOOOOOO",
            "common_schedule": "OOOOOOOOOOOOOXXOOOOOOOOOOOOOOOOOOOOOOOOOOOOOOOOOOOOOOOOOOOOOOOOOOOOXXXXOOOOOOOOOOOOOOOOOOOOOOOOOOOOOOOOOOOOOOOOOOOOOOOOOOOOOOOOOOOOOOOOOOOOOOOOOOOOOOOOOOOOOOOOOOOOOOOOOOOOOOOOOOOOOOOOOOOOOOOOO",
            "common_information": "LEC/STUDIO^LE^WED^0930-1120^SPMS-LT1^;LEC/STUDIO^LE^MON^1430-1520^SPMS-LT1^"
        }
    },
    {
        "model": "courses.course",
        "pk": 3,
        "fields": {
            "code": "MH1300",
            "name": "FOUNDATIONS OF MATHEMATICS",
            "academic_units": 4,
            "last_updated": "2024-09-13T06:10:19.430Z",
            "level": "1",
            "prefix": 1,
            "description": "This course aims to develop and equip you with the necessary skills for a mathematically related job. You should demonstrate a basic understanding of fundamental mathematical concepts and processes such as such as formal mathematical proofs. You should also learn the rigorous way to approach mathematical problems and to be familiar with the process of abstracting from examples, as these skills are essential for all future mathematics courses. You should develop critical analytical skills for a career in a mathematical related job. You will acquire the communication skills necessary to communicate technical ideas, both written and verbal, to a broad audience. \n\nContent\n\n1.\tElementary logic, mathematical statements, quantified statements\n2.\tSets, operations on sets, Cartesian products, properties of sets\n3.\tNatural numbers, integers, rational numbers, real numbers, complex numbers\n4.\tRelations, equivalence relations, equivalence classes\n5.\tFunctions, injective and surjective functions, inverse functions, composition of functions\n6.\tDivision algorithm, greatest common divisor, Euclidean algorithm, fundamental theorem of arithmetic, modulo arithmetic",
            "prerequisite": "A or H2 Level Mathematics or equivalent",
            "mutually_exclusive": null,
            "not_available": null,
            "not_available_all": null,
            "offered_as_ue": true,
            "offered_as_bde": true,
            "grade_type": null,
            "not_offered_as_core_to": null,
            "not_offered_as_pe_to": null,
            "not_offered_as_bde_ue_to": "AERO, BCE, BCG, CE, CEE 1, CSC, EEE, EEE 1, ENE 1, ENG, ENG(EEE), ENG(ME), ME 1, ME(DES), ME(DES) 1, ME(IMS), ME(IMS) 1, ME(NULL), ME(RMS), ME(RMS) 1",
            "department_maintaining": "MATH(SPS)",
            "program_list": null,
            "exam_schedule": "2024-12-0213:00-15:00OOOOOOOOOOXXXXOOOOOOOOOOOOOOOOOO",
            "common_schedule": "OOOOOOOOOOOOOOOOOOOOOOOOOOOOOOOOOOOOOOOOOOOOOOOOOOOOOOOOOOOOOOOOOOOOOOOOOOOOOXXXXOOOOOOOOOOOOOOOOOOOOOOOOOOOOOOOOOOOOOOOOOOOOOOOOOOOOOOXXOOOOOOOOOOOOOOOOOOOOOOOOOOOOOOOOOOOOOOOOOOOOOOOOOOOOOOO",
            "common_information": "LEC/STUDIO^LE^FRI^1130-1220^LT23^;LEC/STUDIO^LE^WED^1430-1620^LT27^"
        }
    },
    {
        "model": "courses.course",
        "pk": 4,
        "fields": {
            "code": "MH1810",
            "name": "MATHEMATICS 1",
            "academic_units": 3,
            "last_updated": "2024-09-13T06:10:19.054Z",
            "level": "1",
            "prefix": 1,
            "description": "In this course, the basic concepts of limits, differentiation and integration are introduced. Applications of differential and integral calculus are included. In addition, the course also covers topics on complex numbers, vectors and matrices. It aims to prepare the first year engineering students for further courses in engineering disciplines and more advanced mathematics in year 2.\nThis course aims to equip you with\n1. mathematical knowledge and analytical skills so that you are able to apply techniques of advanced calculus (along with their existing mathematical skills) to solve engineering or scientific problems whenever applicable;\n2. mathematical reading skills so that you can read and understand related mathematical content in the basic and popular scientific and engineering literature; and\n3. mathematical communication skills so that you can effectively and rigorously present your mathematical ideas to mathematicians, scientists and engineers.",
            "prerequisite": null,
            "mutually_exclusive": "CE1011, CZ1011, MH1100, MH1101, MH1800, MH1801, MH2813",
            "not_available": "DSAI, MACS",
            "not_available_all": null,
            "offered_as_ue": true,
            "offered_as_bde": true,
            "grade_type": null,
            "not_offered_as_core_to": null,
            "not_offered_as_pe_to": null,
            "not_offered_as_bde_ue_to": null,
            "department_maintaining": "MATH(SPS)",
            "program_list": null,
            "exam_schedule": "2024-11-2509:00-11:00OOXXXXOOOOOOOOOOOOOOOOOOOOOOOOOO",
            "common_schedule": "OOOOOOOOOOOOOOOOOOOOOOOOOOOOOOOOOOOOOOOOOOOOOOOOOOOOOOOOOOOOOOOOOOOOOOOOOOOOOOOOOOOOOOOOOOOOOOOOOOOOOOOOOOOOOOOOOOOOOOOOOOOOOOOOOOOOOOOOOOOOOOOOOOOOOOOOOOOOOOOOOOOOOOOOOOOOOOOOOOOOOOOOOOOOOOOO",
            "common_information": ""
        }
    },
    {
        "model": "courses.course",
        "pk": 5,
        "fields": {
            "code": "MH1811",
            "name": "MATHEMATICS 2",
            "academic_units": 3,
            "last_updated": "2024-09-13T06:10:19.525Z",
            "level": "1",
            "prefix": 1,
            "description": "Partial differentiation.  Multiple integrals.  Sequences and series.  First order differential equations.  Second order differential equations.",
            "prerequisite": "Pre-requisite, MH1810 applicable to AY2017 cohorts onwards",
            "mutually_exclusive": "MH1100, MH1101, MH1801, MS2900",
            "not_available": "ENG(NULL)",
            "not_available_all": null,
            "offered_as_ue": true,
            "offered_as_bde": true,
            "grade_type": null,
            "not_offered_as_core_to": null,
            "not_offered_as_pe_to": null,
            "not_offered_as_bde_ue_to": null,
            "department_maintaining": "MATH(SPS)",
            "program_list": null,
            "exam_schedule": "2024-12-0409:00-11:30OOXXXXXOOOOOOOOOOOOOOOOOOOOOOOOO",
            "common_schedule": "OOOOOOOOOOOOOOOOOOOOOOOOOOOOOOOOOOOOOOOOOOOOOOOOOOOOOOOOOOOOOOOOOOOOOOOOOOOOOOOOOOOOOOOOOOOOOOOOOOOOOOOOOOOOOOOOOOOOOOOOOOOOOOOOOXXXXOOOOOOOOOOOOOOOOOOOOOOOOOOOOOOOOOOOOOOOOOOOOOOOOOOOOOOOOOOO",
            "common_information": "LEC/STUDIO^LE^FRI^0830-1020^LT26^"
        }
    },
    {
        "model": "courses.course",
        "pk": 6,
        "fields": {
            "code": "MH4311",
            "name": "CRYPTOGRAPHY",
            "academic_units": 4,
            "last_updated": "2024-09-13T06:10:19.552Z",
            "level": "4",
            "prefix": 1,
            "description": "This course will introduce cryptography and cryptanalysis. Cryptography is applied to protect data confidentiality and to authenticate data. Cryptanalysis is to analyze the security of cryptosystems. The course will cover five types of cryptosystems: symmetric key encryption, symmetric key authentication (message authentication code), hash function, public key encryption and public key authentication (digital signature). The applications of cryptography will be covered, especially the TLS which is widely used to protect the Internet traffic.",
            "prerequisite": "MH1301",
            "mutually_exclusive": "SC4010",
            "not_available": null,
            "not_available_all": null,
            "offered_as_ue": true,
            "offered_as_bde": true,
            "grade_type": null,
            "not_offered_as_core_to": null,
            "not_offered_as_pe_to": null,
            "not_offered_as_bde_ue_to": null,
            "department_maintaining": "MATH(SPS)",
            "program_list": null,
            "exam_schedule": "2024-12-0413:00-15:00OOOOOOOOOOXXXXOOOOOOOOOOOOOOOOOO",
            "common_schedule": "OOOOOOOOOOOOOOOXXXXOOOOOOOOOOOOOOOOOOOOOOOOOOOOOOOOOOOOOOOOOOOOOOOOOOOOOOOOOOOOOOOOOOOOOOOOOOOOOOOOOOOOOOOOOOOOOOOOOOOOOOOOOOOOOOOOXXXXOOOOOOOOOOOOOOOOOOOOOOOOOOOOOOOOOOOOOOOOOOOOOOOOOOOOOOOOO",
            "common_information": "LEC/STUDIO^LE^FRI^0930-1020^SPMS-LT2^;LEC/STUDIO^LE^MON^1530-1720^SPMS-LT4^;TUT^T^FRI^1030-1120^SPMS-LT2^Teaching Wk2-13"
        }
    },
    {
        "model": "courses.course",
        "pk": 7,
        "fields": {
            "code": "MH4320",
            "name": "COMPUTATIONAL ECONOMICS",
            "academic_units": 4,
            "last_updated": "2024-09-13T06:10:19.073Z",
            "level": "4",
            "prefix": 1,
            "description": "This course aims to introduce you to the fundamental concepts of game theory and mechanism design. Game theory, besides being of fundamental mathematical interest, is a main tool to model economic and strategic situations and then study the behavior of rational agents in such situations. Mechanism design is the study of how to design games (such as auctions) so that agents have incentive to act in a desirable way, e.g. by telling the truth. This course will improve your ability to model and analyze economics situations in a mathematical way. We will study the way rational agents will play games, based on their assumptions about the rationality of other agents. We will learn about the concept of Nash equilibria, which are solutions to games that no rational agent has an incentive to deviate from, and learn how to compute these. \nIn the second part of the course we turn to the problem of social choice, namely choosing from a set of alternatives, given the preferences of a set of players. We will see that many desirable properties of social choice functions cannot be satisfied, and then turn to ways to deal with this issue. The first way is to introduce payments and money-valued preferences, which leads to auction theory and related topics. Here students will learn how to design auctions and other economic mechanisms so that players have no incentive to lie, and to learn how to compute expected revenues. Secondly, we will consider mechanisms that do not allow payments, and study the ways manipulations by the players can be limited in this case. In the second part of the course students will learn how to design economic mechanisms that have certain properties (if possible), and how to judge economic mechanisms, as well as to apply Bayesian reasoning to compute expected outcomes.\nThe course is aimed at 3rd and 4th year students interested in economics, mathematical modelling, and applied math in general.",
            "prerequisite": "MH1200 & MH2500 OR",
            "mutually_exclusive": null,
            "not_available": null,
            "not_available_all": null,
            "offered_as_ue": true,
            "offered_as_bde": true,
            "grade_type": null,
            "not_offered_as_core_to": null,
            "not_offered_as_pe_to": null,
            "not_offered_as_bde_ue_to": null,
            "department_maintaining": "MATH(SPS)",
            "program_list": null,
            "exam_schedule": "2024-11-2513:00-15:00OOOOOOOOOOXXXXOOOOOOOOOOOOOOOOOO",
            "common_schedule": "OOOOOOOOOOOOOXXXXOOOOOOOOOOOOOOOOOOOOOOOOOOOOOOOOOOOOOOOOOOOOOOOOOOOOOOOOOOOOOOOOOOOOOOOOOOOOOOOOOOOOXXXXOOOOOOOOOOOOOOOOOOOOOOOOOOOOOOOOOOOOOOOOOOOOOOOOOOOOOOOOOOOOOOOOOOOOOOOOOOOOOOOOOOOOOOO",
            "common_information": "LEC/STUDIO^LE^THU^1030-1220^SPMS-LT1^;LEC/STUDIO^LE^MON^1430-1520^SPMS-LT2^;TUT^T^MON^1530-1620^SPMS-LT2^Teaching Wk2-13"
        }
    },
    {
        "model": "courses.course",
        "pk": 8,
        "fields": {
            "code": "PH1104",
            "name": "MECHANICS",
            "academic_units": 3,
            "last_updated": "2024-09-13T06:10:19.192Z",
            "level": "1",
            "prefix": 2,
            "description": "This course aims to equip you with the basic concepts and problem solving skills in Mechanics. You will develop physical intuition and analytical skills which are important for studying physical systems and solve problems involving mechanical systems. These knowledge and skills lay the foundation for subsequent higher level courses.",
            "prerequisite": "Physics & Maths at A or H2 level or equivalent",
            "mutually_exclusive": "CY1308, PH1011, PH1012, PH1101, PH114S, PH1801",
            "not_available": "PHY(2004-2012)",
            "not_available_all": null,
            "offered_as_ue": true,
            "offered_as_bde": true,
            "grade_type": null,
            "not_offered_as_core_to": null,
            "not_offered_as_pe_to": null,
            "not_offered_as_bde_ue_to": null,
            "department_maintaining": "PHY(SPS)",
            "program_list": null,
            "exam_schedule": "2024-11-2709:00-11:00OOXXXXOOOOOOOOOOOOOOOOOOOOOOOOOO",
            "common_schedule": "OOOOOOOOOXXXXOOOOOOOOOOOOOOOOOOOOOOOOOOOOOOOOOOOOOOOOOOOOOOOOOOOOOOOOOOOOOOOOOOOOOOOOOOOOOOOOOOOOOOOOOOOOXXOOOOOOOOOOOOOOOOOOOOOOOOOOOOOOOOOOOOOOOOOOOOOOOOOOOOOOOOOOOOOOOOOOOOOOOOOOOOOOOOOOOOO",
            "common_information": "LEC/STUDIO^LE^MON^1230-1420^SPMS-LT2^;LEC/STUDIO^LE^THU^1230-1320^SPMS-LT2^"
        }
    },
    {
        "model": "courses.course",
        "pk": 9,
        "fields": {
            "code": "PH1105",
            "name": "OPTICS, VIBRATIONS & WAVES",
            "academic_units": 3,
            "last_updated": "2024-09-13T06:10:18.975Z",
            "level": "1",
            "prefix": 2,
            "description": "This course aims to equip you with basic concepts and problem solving skills in optics and wave phenomena. You will develop physical intuition and basic analytical skills which are important for studying optical rays and wave propagation. Fundamental concepts are emphasized using the framework of phase and wavefronts. These knowledge and skills lay the foundation for subsequent higher level courses in optics, and are also critical in any other wave-related courses such as quantum mechanics and electrodynamics.",
            "prerequisite": "Physics & Maths at A or H2 level or equivalent",
            "mutually_exclusive": "EE1002, PH1103",
            "not_available": "EEE, EEE 1, EEEC, ENG(EEE), PHY(2004-2012)",
            "not_available_all": null,
            "offered_as_ue": true,
            "offered_as_bde": true,
            "grade_type": null,
            "not_offered_as_core_to": null,
            "not_offered_as_pe_to": null,
            "not_offered_as_bde_ue_to": null,
            "department_maintaining": "PHY(SPS)",
            "program_list": null,
            "exam_schedule": "2024-11-2209:00-11:30OOXXXXXOOOOOOOOOOOOOOOOOOOOOOOOO",
            "common_schedule": "OOOOOOOOOOOOOOOOOOOOOOOOOOOOOOOOOOOOOOOOOOOOOOOOOOOOOOOOOOOOOOOOOOOOOOOOOOOOOOOOOOOOOOOOOOOOOOOOOOOXXXXOOOOOOOOOOOOOOOOOOOOOOOOOOOOOOOOOOOOOOOOOOOOOOOOOOOOOOOOOOOOOOOOOOOOOOOOOOOOOOOOOOOOOOOOO",
            "common_information": "LEC/STUDIO^LE^THU^0930-1120^SPMS-LT3^"
        }
    },
    {
        "model": "courses.course",
        "pk": 10,
        "fields": {
            "code": "PH1107",
            "name": "RELATIVITY & QUANTUM PHYSICS",
            "academic_units": 3,
            "last_updated": "2024-09-13T06:10:19.533Z",
            "level": "1",
            "prefix": 2,
            "description": "This course aims to equip you with the basic concepts and problem solving skills for analysing objects moving close to the speed of light and particles exhibiting quantum behaviour.  You will develop physical insights and analytical skills which are important for studying relativistic problems and quantum systems. These knowledge and skills lay the foundation for subsequent higher level courses.\nCourse Content:\n\n1.Foundation (FND):\na.Wave properties\nb.Speed of Light\nc.Superposition, Diffraction and Interference\nd.Atoms and subatomic particles\n\n2.Special Relativity (SR)\na.Frames of Reference and Galilean Transformation\nb.Postulates of Special Relativity and Lorentz Transformation\nc.Length Contraction and Time Dilation\nd.Minkowski?s Space-time diagrams\ne.Resolving Paradoxes\nf.Relativistic Momentum, Kinetic Energy and Energy\n\n3.Basic Nuclear Physics (BNP)\na.Radioactive particles ( \nb.Nuclear Fission and Fusion \nc.Radioactivity\nd.Mass-Energy Equivalence\ne.Medical application and Dosage\n\n4.Quantum Physics (QP)\na.Blackbody Radiation\nb.Quantization of Physical Quantities\nc.Photoelectric Effect\nd.Compton Scattering and wavelength\ne.Pair Production/Annihilation\nf.Double Slit Experiment\ng.Davidsson-Germer Experiment\nh.Wave-Particle Duality\ni.Hydrogen Atom (Bohr?s Model & Atomic Spectra)\n\n5.Basic Quantum Mechanics (BQM)\na.Eigenvalues, Eigenfunctions and Operators\nb.Two level systems\nc.Schrodinger?s Equation and Wave function\nd.Probability (Density)\ne.Infinite and Finite Potential Well (Particle in a Box)\nf.Quantum Harmonic Oscillator\ng.Potential Barrier/Step\nh.Expectation Value and Uncertainty\ni.Heisenberg?s Uncertainty Principle\nj.Commuting Operators\nk.Hydrogen Atom\nl.Quantum Numbers, Degeneracy",
            "prerequisite": "Physics and Mathematics at A or H2 level or equivalent",
            "mutually_exclusive": "CY1307, PH1101",
            "not_available": "PHY(2004-2012)",
            "not_available_all": null,
            "offered_as_ue": true,
            "offered_as_bde": true,
            "grade_type": null,
            "not_offered_as_core_to": null,
            "not_offered_as_pe_to": null,
            "not_offered_as_bde_ue_to": null,
            "department_maintaining": "PHY(SPS)",
            "program_list": null,
            "exam_schedule": "2024-12-0409:00-11:30OOXXXXXOOOOOOOOOOOOOOOOOOOOOOOOO",
            "common_schedule": "OOOOOOOOOOOOOOOOOOOOOOOOOOOOOOOOOOOOOOOOOOOOOXXXXOOOOOOOOOOOOOOOOOOOOOOOOOOOOOOOOOOOOOOOOOOOOOOOOOOOOOOOOOOOOOOOOOOOOOOOOOOOOOOOOOOOOOOOOOOOOOOOOOOOOOOOOOOOOOOOOOOOOOOOOOOOOOOOOOOOOOOOOOOOOOOO",
            "common_information": "LEC/STUDIO^LE^TUE^1430-1620^SPMS-LT1^"
        }
    },
    {
        "model": "courses.course",
        "pk": 11,
        "fields": {
            "code": "PS0001",
            "name": "INTRODUCTION TO COMPUTATIONAL THINKING",
            "academic_units": 3,
            "last_updated": "2024-09-13T06:10:06.874Z",
            "level": "10",
            "prefix": 3,
            "description": "Computational thinking (CT) is a problem solving process with the aid of computer; i.e. formulating a problem and expressing its solution in such a way that a computer can effectively carry it out. It includes a number of characteristics, such as breaking a problem into small and repetitive ordered steps, logically ordering and analyzing data and creating solutions that can be effectively implemented as algorithms running on computer. As such, computational thinking is essential not only to the Computer Science discipline, it can also be used to support problem solving across all disciplines, including math, science, engineering, business, finance and humanities. \nThe aim of this course is hence to take you from having no prior experience of thinking in a computational manner to a point where you can derive simple algorithms and code the programs to solve some basic problems in mathematics and science in general. In addition, the course will include topics to appreciate the internal operations of a processor, and raise awareness of the socio-ethical issues arising from the pervasiveness of computing technology.",
            "prerequisite": null,
            "mutually_exclusive": "BG2211, CE1003, CE1103, CZ1003, CZ1103, MA1008, MS1008, SC1003, SC5001",
            "not_available": null,
            "not_available_all": "(Admyr 2011-2017)",
            "offered_as_ue": true,
            "offered_as_bde": true,
            "grade_type": null,
            "not_offered_as_core_to": null,
            "not_offered_as_pe_to": null,
            "not_offered_as_bde_ue_to": null,
            "department_maintaining": "SPS",
            "program_list": null,
            "exam_schedule": "",
            "common_schedule": "OOOOOOOOOOOOOOOOOOOOOOOOOOOOOOOOOOOOOOOOOOOOOOOOOOOOOOOOOOOOOOOOOOOOOOOOOOOOOOOOOOOOOOOOOOOOOOOOOOOOOOOOOOOOOOOOOOOOOOOOOOOOOOOOOOOOOOOOOOOOOOOOOOOOOOOOOOOOOOOOOOOOOOOOOOOOOOOOOOOOOOOOOOOOOOOO",
            "common_information": ""
        }
    },
    {
        "model": "courses.course",
        "pk": 12,
        "fields": {
            "code": "SC1007",
            "name": "DATA STRUCTURES & ALGORITHMS",
            "academic_units": 3,
            "last_updated": "2024-09-13T06:10:07.200Z",
            "level": "1",
            "prefix": 4,
            "description": "This course aims to (i) teach the concepts, implementations and applications of data structures such as arrays, linked lists, stacks, queues and trees that are important for building efficient algorithms; (ii) provide an introduction to algorithm analysis and design.  These are essential for future computer science and computer engineering courses.",
            "prerequisite": "SC1003",
            "mutually_exclusive": "CE1007, CE1107, CT2001, CZ1007, CZ1107, SC1303",
            "not_available": "EEE, EEEC, ENG(EEE), ENG(NULL), IEEC, IEM",
            "not_available_all": "(Admyr 2011-2020), (Admyr 2024-2024),",
            "offered_as_ue": false,
            "offered_as_bde": true,
            "grade_type": null,
            "not_offered_as_core_to": null,
            "not_offered_as_pe_to": null,
            "not_offered_as_bde_ue_to": null,
            "department_maintaining": "CSC(CE)",
            "program_list": null,
            "exam_schedule": "",
            "common_schedule": "OOOOOXXOOOOOOOOOOOOOOOOOOOOOOOOOOOOOOOOOOOOOOOOOOOOOOOOOOOOOOOOOOOOOOOOOOOOOOOOOOOOOOOOOOOOOOOOOOOOOOOOOOOOOOOOOOOOOOOOOOOOOOOOOOOOOOOOOOOOOOOOOOXXOOOOOOOOOOOOOOOOOOOOOOOOOOOOOOOOOOOOOOOOOOOOO",
            "common_information": "LEC/STUDIO^SCL2^MON^1030-1120^LT7^;LEC/STUDIO^SCL2^FRI^1630-1720^LT4^"
        }
    },
    {
        "model": "courses.course",
        "pk": 13,
        "fields": {
            "code": "SC2006",
            "name": "SOFTWARE ENGINEERING",
            "academic_units": 3,
            "last_updated": "2024-09-13T06:10:19.268Z",
            "level": "2",
            "prefix": 4,
            "description": "Introduction to Software Engineering; Software Engineering Process; Introduction to Requirements; Introduction to Software Specifications; Software Design and Construction; Testing and Integration; Software Maintenance; Software Project Management; Software Quality; Dependability and Security",
            "prerequisite": "SC2002(Corequisite)",
            "mutually_exclusive": "CE2006, CZ2006",
            "not_available": "EEE, EEE 1, EEEC, ENG(EEE), ENG(NULL), IEEC, IEM",
            "not_available_all": "(Admyr 2011-2020),",
            "offered_as_ue": false,
            "offered_as_bde": true,
            "grade_type": null,
            "not_offered_as_core_to": null,
            "not_offered_as_pe_to": null,
            "not_offered_as_bde_ue_to": null,
            "department_maintaining": "CSC(CE)",
            "program_list": null,
            "exam_schedule": "2024-11-2809:00-11:00OOXXXXOOOOOOOOOOOOOOOOOOOOOOOOOO",
            "common_schedule": "OXXOOOOOOOOOOOOOOOOOOOOOOOOOOOOOOOOOOOOOOOOOOOOOOOOOOOOOOOOOOOOOOOOOOOOOOOOOOOOOOOOOOOOOOOOOOOOOOOOOOOOOOOOXXOOOOOOOOOOOOOOOOOOOOOOOOOOOOOOOOOOOOOOOOOOOOOOOOOOOOOOOOOOOOOOOOOOOOOOOOOOOOOOOOOOO",
            "common_information": "LEC/STUDIO^SCL2^MON^0830-0920^LT19A^;LEC/STUDIO^SCL2^THU^1330-1420^LT19A^"
        }
    },
    {
        "model": "courses.course",
        "pk": 14,
        "fields": {
            "code": "SC2008",
            "name": "COMPUTER NETWORK",
            "academic_units": 3,
            "last_updated": "2024-09-13T06:10:19.354Z",
            "level": "2",
            "prefix": 4,
            "description": "This course serves as a foundation for computer and communication networks. Emphasis is placed on concepts, protocols and technologies, which formulate various Local Area Networks (LANs), Wide area Networks (WANs), and their interconnections. Emphasis is also placed on the fundamentals of the Internet, and includes laboratory sessions on socket programming. Advanced materials, such as, cloud computing, will also be covered to prepare you well for your future career.",
            "prerequisite": "SC1004 & SC2000",
            "mutually_exclusive": "CE3005, CZ3006",
            "not_available": "EEE, EEE 1, ENG(EEE), ENG(NULL)",
            "not_available_all": "(Admyr 2011-2020),",
            "offered_as_ue": false,
            "offered_as_bde": true,
            "grade_type": null,
            "not_offered_as_core_to": null,
            "not_offered_as_pe_to": null,
            "not_offered_as_bde_ue_to": "BCE",
            "department_maintaining": "CSC(CE)",
            "program_list": null,
            "exam_schedule": "2024-11-2909:00-11:00OOXXXXOOOOOOOOOOOOOOOOOOOOOOOOOO",
            "common_schedule": "OOOOOOOOOOOOOOOOOOOOOOOOOOOOOOOOOOOOOXXXXOOOOOOOOOOOOOOOOOOOOOOOOOOOOOOOOOOOOOOOOOOOOOOOOOOOOOOOOOOOOOOOOOOOOOOOOOOOOOOOOOOOOOOOOOOOOOOOOOOOOOOOOOOOOOOOOOOOOOOOOOOOOOOOOOOOOOOOOOOOOOOOOOOOOOOO",
            "common_information": "LEC/STUDIO^SCL2^TUE^1030-1220^LT19A^"
        }
    },
    {
        "model": "courses.course",
        "pk": 15,
        "fields": {
            "code": "SC2207",
            "name": "INTRODUCTION TO DATABASES",
            "academic_units": 3,
            "last_updated": "2024-09-13T06:10:19.408Z",
            "level": "2",
            "prefix": 4,
            "description": "Overview of Database Management Systems (DBMS); Entity-Relationship Data Model; Relational Data Model; Functional Dependencies (FD) and Normalization; Relational Algebra; Structured Query Language (SQL); Storage of Relational Data; Indexing Techniques; Query Processing and Optimization; Transaction Management and Concurrency Control",
            "prerequisite": "SC2001(Corequisite) OR",
            "mutually_exclusive": "CZ2007, EE4791, IE4791, IM4791",
            "not_available": "BCE, BCG",
            "not_available_all": "(Admyr 2011-2020)",
            "offered_as_ue": false,
            "offered_as_bde": true,
            "grade_type": null,
            "not_offered_as_core_to": null,
            "not_offered_as_pe_to": null,
            "not_offered_as_bde_ue_to": null,
            "department_maintaining": "CSC(CE)",
            "program_list": null,
            "exam_schedule": "2024-12-0209:00-11:00OOXXXXOOOOOOOOOOOOOOOOOOOOOOOOOO",
            "common_schedule": "OOOOOOOOOOOOOOOOOXXOOOOOOOOOOOOOOOOOOOOOOOOOOOOOOOOOOOOOOOOOOOOOOOOOOOOOOOOOOOOOOOOOOOOOOOOOOOOOOOOOOOOOOXXOOOOOOOOOOOOOOOOOOOOOOOOOOOOOOOOOOOOOOOOOOOOOOOOOOOOOOOOOOOOOOOOOOOOOOOOOOOOOOOOOOOOO",
            "common_information": "LEC/STUDIO^SCL2^THU^1230-1320^LT4^;LEC/STUDIO^SCL2^MON^1630-1720^LT3^"
        }
    },
    {
        "model": "courses.course",
        "pk": 16,
        "fields": {
            "code": "SC4013",
            "name": "APPLICATION SECURITY",
            "academic_units": 3,
            "last_updated": "2024-09-13T05:16:08.687Z",
            "level": "4",
            "prefix": 4,
            "description": null,
            "prerequisite": null,
            "mutually_exclusive": null,
            "not_available": null,
            "not_available_all": null,
            "offered_as_ue": true,
            "offered_as_bde": true,
            "grade_type": null,
            "not_offered_as_core_to": null,
            "not_offered_as_pe_to": null,
            "not_offered_as_bde_ue_to": null,
            "department_maintaining": null,
            "program_list": null,
            "exam_schedule": "",
            "common_schedule": "OOOOOOOOOOOOOOOOOOOOOOOOOOOOOOOOOOOOOOOOOOOOOOOOOOOOOOOOOOOOOOOOOOOOOOOOOOOOOOOOOOOOOOOOOOOOOOOOOOOOOOOOOOOOOOOOOOOOOOOOOOOOOOOOOXXXXXXOOOOOOOOOOOOOOOOOOOOOOOOOOOOOOOOOOOOOOOOOOOOOOOOOOOOOOOOO",
            "common_information": "LEC/STUDIO^SCL4^FRI^0830-1020^LT11^;TUT^SCEL^FRI^1030-1120^LT10^Teaching Wk2-13"
        }
    },
    {
        "model": "courses.course",
        "pk": 17,
        "fields": {
            "code": "SC5002",
            "name": "ARTIFICIAL INTELLIGENCE FUNDAMENTALS & APPLICATIONS",
            "academic_units": 3,
            "last_updated": "2024-09-13T06:10:08.758Z",
            "level": "5",
            "prefix": 4,
            "description": "Artificial intelligence is finding widespread applications in finance, banking, healthcare, manufacturing and many other industries. This course is an introduction course to artificial intelligence to students who are not from computer science or computer engineering background. It will introduce to you what artificial intelligence is about and its fundamentals and applications. \nYou will learn how software systems make intelligent search for problem solutions; how intelligent systems learn to perform their tasks. These are fundamental knowledge for intelligent systems. You will also gain basic understanding of generative AI.",
            "prerequisite": "SC1003 OR",
            "mutually_exclusive": "SC3000, SC4000",
            "not_available": "ACDA, AISC, BACF, BCE, BCG, CE, CEEC, COMP, CSC, CSEC, DSAI, ECDS, IEM, MACS, REP(CE), REP(CSC)",
            "not_available_all": "2nd Maj/Spec(DANA)",
            "offered_as_ue": false,
            "offered_as_bde": true,
            "grade_type": null,
            "not_offered_as_core_to": null,
            "not_offered_as_pe_to": null,
            "not_offered_as_bde_ue_to": null,
            "department_maintaining": "CSC(CE)",
            "program_list": null,
            "exam_schedule": "",
            "common_schedule": "OOOOOOOOOOOOOOOOOOOOOOOOOOOOOOOOOXXXXOOOOOOOOOOOOOOOOOOOOOOOOOOOOOOOOOOOOOOOOOOOOOOOOOOOOOOOOOOOOOOOOOOOOOOOOOOOOXXOOOOOOOOOOOOOOOOOOOOOOOOOOOOOOOOOOOOOOOOOOOOOOOOOOOOOOOOOOOOOOOOOOOOOOOOOOOOO",
            "common_information": "LEC/STUDIO^MIAI^TUE^0830-1020^LT3^;TUT^MIAI^THU^1630-1720^LT4^Teaching Wk2-13"
        }
    },
    {
        "model": "courses.course",
        "pk": 18,
        "fields": {
            "code": "SP0008",
            "name": "LIVING WELL",
            "academic_units": 3,
            "last_updated": "2024-09-13T06:10:09.055Z",
            "level": "10",
            "prefix": 5,
            "description": "This course is part of the NTU 2025 Education - Interdisciplinary Collaborative Core (ICC). It aims to provide multi-disciplinary competence in a cross-disciplinary, collaborative learning environment, with student interaction and collaboration across schools as a key learning foundation. It integrates major components from CC0005 Healthy living and Wellbeing and adds additional philosophical analysis to the course material. As the title connotes, the main objective of this undergraduate course is to examine what constitutes living a good, healthy and flourishing life.\n\nAccording to research, individuals around the world pursue this 'flourishing life' in different ways, be it through improving one's physical fitness, seeking authentic relationships with others, or making a positive change in the environment.  Thus, knowing and understanding how the different components of a 'good life' contribute to one's overall functioning is critical to one's healthy wellbeing.  The latter, in turn, affords many benefits such as better health (physical, mental and emotional health) and stronger relationships. \n\nEach week you will explore additional philosophical questions related to well-being, happiness, the self, and the connection between mind and body. By the end of this course, you would have developed an awareness of what constitutes living a healthy and flourishing life, both of which indirectly contribute to a successful undergraduate education.",
            "prerequisite": "Only for University Scholars Programme (USP) students.",
            "mutually_exclusive": null,
            "not_available": null,
            "not_available_all": null,
            "offered_as_ue": true,
            "offered_as_bde": true,
            "grade_type": null,
            "not_offered_as_core_to": null,
            "not_offered_as_pe_to": null,
            "not_offered_as_bde_ue_to": null,
            "department_maintaining": "SOH",
            "program_list": null,
            "exam_schedule": "",
            "common_schedule": "OOOOOOOOOOOOOOOOOOOOOOOOOOOOOOOOOOOOOOOOOOOOOOOOOOOOOOOOOOOOOOOOOOOOOOOOOOOOOOOOOOOOOOOOOOOOOOOOOOOOOOOOOOOOOOOOOOOOOOOOOOOOOOOOOOOOOOOOOOOOOOOOOOOOOOOOOOOOOOOOOOOOOOOOOOOOOOOOOOOOOOOOOOOOOOOO",
            "common_information": ""
        }
    },
    {
        "model": "courses.course",
        "pk": 19,
        "fields": {
            "code": "SP0061",
            "name": "SCIENCE & TECHNOLOGY FOR HUMANITY",
            "academic_units": 3,
            "last_updated": "2024-09-13T06:10:09.342Z",
            "level": "10",
            "prefix": 5,
            "description": "The course aims to inspire a long-lasting mindset of awareness, critical thinking, curiosity, and collaboration across disciplines through the lens of contemporary and near-future challenges for human communities in relation to scientific and technological innovations. Students will learn to perceive and analyze the potential benefits and costs of scientific/technological innovations and applications from different perspectives and on different scales. Students will then use these skills to identify real-life challenges and to propose solutions.",
            "prerequisite": "Only for Premier Scholars Programme students.",
            "mutually_exclusive": "CC0007",
            "not_available": null,
            "not_available_all": null,
            "offered_as_ue": true,
            "offered_as_bde": true,
            "grade_type": null,
            "not_offered_as_core_to": null,
            "not_offered_as_pe_to": null,
            "not_offered_as_bde_ue_to": null,
            "department_maintaining": "SSS",
            "program_list": null,
            "exam_schedule": "",
            "common_schedule": "OOOOOOOOOOOOOOOOOOOOOOOOOOOOOOOOOOOOOOOOOOOOOOOOOOOOOOOOOOOOOOOOOOOOOOOOOOOOOOOOOOOOOOOOOOOOOOOOOOOOOOOOOOOOOOOOOOOOOOOOOOOOOOOOOOOOOOOOOOOOOOOOOOOOOOOOOOOOOOOOOOOOOOOOOOOOOOOOOOOOOOOOOOOOOOOO",
            "common_information": ""
        }
    },
    {
        "model": "courses.course",
        "pk": 20,
        "fields": {
            "code": "SP0069",
            "name": "INVISIBLE HEALTH COMMUNITIES",
            "academic_units": 3,
            "last_updated": "2024-09-13T06:10:09.642Z",
            "level": "10",
            "prefix": 5,
            "description": "Why:\nThe global pandemic has deeply underscored the inextricable ways in which human society is interconnected; it has demonstrated that the global health chain is as strong as its weakest link. This course therefore seeks to draw attention to to overlooked populations that are either excluded or face barriers in accessing healthcare. It encourages a deconstruction of social determinants of health that result in various facets of health inequalities for excluded and underserved health minorities.\nWhat:\nIt explores questions such as: What is health equity/inequity. How is inequity experienced? How are communities currently supported? What can be improved? How can it be improved? \nHow: \nIn order to answer these questions, the course requires learners to become aware of the interaction of various social elements and health experiences; it requires, among others, a multi-disciplinary perspective for the questioning of social, ethical, political, economic, and cultural aspects of health equity.\n\nThis course is an opportunity to become aware of contemporary social inequities in order to encourage awareness, compassion, and greater inclusion and equity in society.",
            "prerequisite": "Only for University Scholars Programme (USP) students.",
            "mutually_exclusive": null,
            "not_available": null,
            "not_available_all": null,
            "offered_as_ue": true,
            "offered_as_bde": true,
            "grade_type": null,
            "not_offered_as_core_to": null,
            "not_offered_as_pe_to": null,
            "not_offered_as_bde_ue_to": null,
            "department_maintaining": "SOH",
            "program_list": null,
            "exam_schedule": "",
            "common_schedule": "OOOOOOOOOOOOOOOOOOOOOOOOOOOOOOOOOOOOOOOOOOOOOOOOOOOOOOOOOOOOOOOOOOOOOOOOOOOOOOOOOXXXXXXOOOOOOOOOOOOOOOOOOOOOOOOOOOOOOOOOOOOOOOOOOOOOOOOOOOOOOOOOOOOOOOOOOOOOOOOOOOOOOOOOOOOOOOOOOOOOOOOOOOOOOOOO",
            "common_information": "SEM^S1^WED^1630-1920^LHS-TR+11^"
        }
    },
    {
        "model": "courses.courseindex",
        "pk": 1,
        "fields": {
            "course_code": "MH1100",
            "index": "70181",
            "filtered_information": "TUT^T1^TUE^0930-1020^SPMS-TR+5^Teaching Wk2-13"
        }
    },
    {
        "model": "courses.courseindex",
        "pk": 2,
        "fields": {
            "course_code": "MH1100",
            "index": "70182",
            "filtered_information": "TUT^T2^TUE^0930-1020^SPMS-TR+6^Teaching Wk2-13"
        }
    },
    {
        "model": "courses.courseindex",
        "pk": 3,
        "fields": {
            "course_code": "MH1100",
            "index": "70183",
            "filtered_information": "TUT^T3^TUE^1030-1120^SPMS-TR+5^Teaching Wk2-13"
        }
    },
    {
        "model": "courses.courseindex",
        "pk": 4,
        "fields": {
            "course_code": "MH1100",
            "index": "70184",
            "filtered_information": "TUT^T4^TUE^1030-1120^SPMS-TR+11^Teaching Wk2-13"
        }
    },
    {
        "model": "courses.courseindex",
        "pk": 5,
        "fields": {
            "course_code": "MH1100",
            "index": "70185",
            "filtered_information": "TUT^T5^TUE^1230-1320^SPMS-TR+3^Teaching Wk2-13"
        }
    },
    {
        "model": "courses.courseindex",
        "pk": 6,
        "fields": {
            "course_code": "MH1100",
            "index": "70186",
            "filtered_information": "TUT^T6^TUE^1230-1320^SPMS-TR+5^Teaching Wk2-13"
        }
    },
    {
        "model": "courses.courseindex",
        "pk": 7,
        "fields": {
            "course_code": "MH1100",
            "index": "70187",
            "filtered_information": "TUT^T7^WED^1130-1220^SPMS-TR+4^Teaching Wk2-13"
        }
    },
    {
        "model": "courses.courseindex",
        "pk": 8,
        "fields": {
            "course_code": "MH1100",
            "index": "70188",
            "filtered_information": "TUT^T8^WED^1130-1220^SPMS-TR+7^Teaching Wk2-13"
        }
    },
    {
        "model": "courses.courseindex",
        "pk": 9,
        "fields": {
            "course_code": "MH1100",
            "index": "70189",
            "filtered_information": "TUT^T9^WED^1330-1420^SPMS-TR+3^Teaching Wk2-13"
        }
    },
    {
        "model": "courses.courseindex",
        "pk": 10,
        "fields": {
            "course_code": "MH1100",
            "index": "70190",
            "filtered_information": "TUT^T10^WED^1330-1420^SPMS-TR+4^Teaching Wk2-13"
        }
    },
    {
        "model": "courses.courseindex",
        "pk": 11,
        "fields": {
            "course_code": "MH1100",
            "index": "70191",
            "filtered_information": "TUT^T11^WED^1630-1720^SPMS-TR+7^Teaching Wk2-13"
        }
    },
    {
        "model": "courses.courseindex",
        "pk": 12,
        "fields": {
            "course_code": "MH1100",
            "index": "70192",
            "filtered_information": "TUT^T12^WED^1630-1720^SPMS-TR+5^Teaching Wk2-13"
        }
    },
    {
        "model": "courses.courseindex",
        "pk": 13,
        "fields": {
            "course_code": "MH1200",
            "index": "70195",
            "filtered_information": "TUT^T1^THU^1030-1120^SPMS-TR+3^Teaching Wk2-13"
        }
    },
    {
        "model": "courses.courseindex",
        "pk": 14,
        "fields": {
            "course_code": "MH1200",
            "index": "70196",
            "filtered_information": "TUT^T2^THU^1030-1120^SPMS-TR+7^Teaching Wk2-13"
        }
    },
    {
        "model": "courses.courseindex",
        "pk": 15,
        "fields": {
            "course_code": "MH1200",
            "index": "70197",
            "filtered_information": "TUT^T3^THU^1330-1420^SPMS-TR+3^Teaching Wk2-13"
        }
    },
    {
        "model": "courses.courseindex",
        "pk": 16,
        "fields": {
            "course_code": "MH1200",
            "index": "70198",
            "filtered_information": "TUT^T4^THU^1330-1420^SPMS-TR+7^Teaching Wk2-13"
        }
    },
    {
        "model": "courses.courseindex",
        "pk": 17,
        "fields": {
            "course_code": "MH1200",
            "index": "70199",
            "filtered_information": "TUT^T5^THU^1530-1620^SPMS-TR+7^Teaching Wk2-13"
        }
    },
    {
        "model": "courses.courseindex",
        "pk": 18,
        "fields": {
            "course_code": "MH1200",
            "index": "70200",
            "filtered_information": "TUT^T6^THU^1530-1620^SPMS-TR+12^Teaching Wk2-13"
        }
    },
    {
        "model": "courses.courseindex",
        "pk": 19,
        "fields": {
            "course_code": "MH1200",
            "index": "70201",
            "filtered_information": "TUT^T7^FRI^1330-1420^SPMS-TR+7^Teaching Wk2-13"
        }
    },
    {
        "model": "courses.courseindex",
        "pk": 20,
        "fields": {
            "course_code": "MH1200",
            "index": "70202",
            "filtered_information": "TUT^T8^FRI^1330-1420^SPMS-TR+12^Teaching Wk2-13"
        }
    },
    {
        "model": "courses.courseindex",
        "pk": 21,
        "fields": {
            "course_code": "MH1200",
            "index": "70203",
            "filtered_information": "TUT^T9^FRI^1430-1520^SPMS-TR+7^Teaching Wk2-13"
        }
    },
    {
        "model": "courses.courseindex",
        "pk": 22,
        "fields": {
            "course_code": "MH1200",
            "index": "70204",
            "filtered_information": "TUT^T10^FRI^1430-1520^SPMS-TR+12^Teaching Wk2-13"
        }
    },
    {
        "model": "courses.courseindex",
        "pk": 23,
        "fields": {
            "course_code": "MH1200",
            "index": "70205",
            "filtered_information": "TUT^T11^FRI^1630-1720^SPMS-TR+7^Teaching Wk2-13"
        }
    },
    {
        "model": "courses.courseindex",
        "pk": 24,
        "fields": {
            "course_code": "MH1300",
            "index": "70211",
            "filtered_information": "TUT^T1^MON^0930-1020^SPMS-TR+4^Teaching Wk2-13"
        }
    },
    {
        "model": "courses.courseindex",
        "pk": 25,
        "fields": {
            "course_code": "MH1300",
            "index": "70212",
            "filtered_information": "TUT^T2^MON^0930-1020^SPMS-TR+8^Teaching Wk2-13"
        }
    },
    {
        "model": "courses.courseindex",
        "pk": 26,
        "fields": {
            "course_code": "MH1300",
            "index": "70213",
            "filtered_information": "TUT^T3^MON^1130-1220^SPMS-TR+4^Teaching Wk2-13"
        }
    },
    {
        "model": "courses.courseindex",
        "pk": 27,
        "fields": {
            "course_code": "MH1300",
            "index": "70214",
            "filtered_information": "TUT^T4^MON^1130-1220^SPMS-TR+8^Teaching Wk2-13"
        }
    },
    {
        "model": "courses.courseindex",
        "pk": 28,
        "fields": {
            "course_code": "MH1300",
            "index": "70215",
            "filtered_information": "TUT^T5^MON^1530-1620^SPMS-TR+4^Teaching Wk2-13"
        }
    },
    {
        "model": "courses.courseindex",
        "pk": 29,
        "fields": {
            "course_code": "MH1300",
            "index": "70216",
            "filtered_information": "TUT^T6^MON^1530-1620^SPMS-TR+8^Teaching Wk2-13"
        }
    },
    {
        "model": "courses.courseindex",
        "pk": 30,
        "fields": {
            "course_code": "MH1300",
            "index": "70217",
            "filtered_information": "TUT^T7^TUE^0930-1020^SPMS-TR+7^Teaching Wk2-13"
        }
    },
    {
        "model": "courses.courseindex",
        "pk": 31,
        "fields": {
            "course_code": "MH1300",
            "index": "70218",
            "filtered_information": "TUT^T8^TUE^0930-1020^SPMS-TR+8^Teaching Wk2-13"
        }
    },
    {
        "model": "courses.courseindex",
        "pk": 32,
        "fields": {
            "course_code": "MH1300",
            "index": "70219",
            "filtered_information": "TUT^T9^TUE^1030-1120^SPMS-TR+7^Teaching Wk2-13"
        }
    },
    {
        "model": "courses.courseindex",
        "pk": 33,
        "fields": {
            "course_code": "MH1300",
            "index": "70220",
            "filtered_information": "TUT^T10^TUE^1030-1120^SPMS-TR+8^Teaching Wk2-13"
        }
    },
    {
        "model": "courses.courseindex",
        "pk": 34,
        "fields": {
            "course_code": "MH1300",
            "index": "70221",
            "filtered_information": "TUT^T11^TUE^1230-1320^SPMS-TR+4^Teaching Wk2-13"
        }
    },
    {
        "model": "courses.courseindex",
        "pk": 35,
        "fields": {
            "course_code": "MH1300",
            "index": "70222",
            "filtered_information": "TUT^T12^TUE^1230-1320^SPMS-TR+8^Teaching Wk2-13"
        }
    },
    {
        "model": "courses.courseindex",
        "pk": 36,
        "fields": {
            "course_code": "MH1810",
            "index": "15091",
            "filtered_information": "LEC/STUDIO^LE2^FRI^0830-1020^LKC-LT^;TUT^MAT1^TUE^1030-1120^TR+36^Teaching Wk2-13"
        }
    },
    {
        "model": "courses.courseindex",
        "pk": 37,
        "fields": {
            "course_code": "MH1810",
            "index": "15092",
            "filtered_information": "TUT^MAT2^TUE^1230-1320^TR+36^Teaching Wk2-13;LEC/STUDIO^LE2^FRI^0830-1020^LKC-LT^"
        }
    },
    {
        "model": "courses.courseindex",
        "pk": 38,
        "fields": {
            "course_code": "MH1810",
            "index": "15093",
            "filtered_information": "TUT^MAT3^TUE^1330-1420^TR+19^Teaching Wk2-13;LEC/STUDIO^LE2^FRI^0830-1020^LKC-LT^"
        }
    },
    {
        "model": "courses.courseindex",
        "pk": 39,
        "fields": {
            "course_code": "MH1810",
            "index": "15094",
            "filtered_information": "LEC/STUDIO^LE2^FRI^0830-1020^LKC-LT^;TUT^MAT4^THU^1030-1120^TR+36^Teaching Wk2-13"
        }
    },
    {
        "model": "courses.courseindex",
        "pk": 40,
        "fields": {
            "course_code": "MH1810",
            "index": "15095",
            "filtered_information": "LEC/STUDIO^LE2^FRI^0830-1020^LKC-LT^;TUT^MAT5^THU^1130-1220^TR+36^Teaching Wk2-13"
        }
    },
    {
        "model": "courses.courseindex",
        "pk": 41,
        "fields": {
            "course_code": "MH1810",
            "index": "15096",
            "filtered_information": "LEC/STUDIO^LE2^FRI^0830-1020^LKC-LT^;TUT^MAT6^FRI^1230-1320^TR+18^Teaching Wk2-13"
        }
    },
    {
        "model": "courses.courseindex",
        "pk": 42,
        "fields": {
            "course_code": "MH1810",
            "index": "15097",
            "filtered_information": "LEC/STUDIO^LE2^FRI^0830-1020^LKC-LT^;TUT^MAT6^FRI^1230-1320^TR+18^Teaching Wk2-13"
        }
    },
    {
        "model": "courses.courseindex",
        "pk": 43,
        "fields": {
            "course_code": "MH1810",
            "index": "23458",
            "filtered_information": "LEC/STUDIO^LE1^MON^0830-1020^LKC-LT^Teaching Wk1-11,13;TUT^MA01^MON^1430-1520^TR+109^Teaching Wk2-13;LEC/STUDIO^LE1^MON^0830-1020^LT1^Teaching Wk12"
        }
    },
    {
        "model": "courses.courseindex",
        "pk": 44,
        "fields": {
            "course_code": "MH1810",
            "index": "23459",
            "filtered_information": "LEC/STUDIO^LE1^MON^0830-1020^LKC-LT^Teaching Wk1-11,13;LEC/STUDIO^LE1^MON^0830-1020^LT1^Teaching Wk12;TUT^MA02^MON^1430-1520^TR+106^Teaching Wk2-13"
        }
    },
    {
        "model": "courses.courseindex",
        "pk": 45,
        "fields": {
            "course_code": "MH1810",
            "index": "23460",
            "filtered_information": "LEC/STUDIO^LE1^MON^0830-1020^LKC-LT^Teaching Wk1-11,13;TUT^MA03^MON^1530-1620^TR+106^Teaching Wk2-13;LEC/STUDIO^LE1^MON^0830-1020^LT1^Teaching Wk12"
        }
    },
    {
        "model": "courses.courseindex",
        "pk": 46,
        "fields": {
            "course_code": "MH1810",
            "index": "23461",
            "filtered_information": "LEC/STUDIO^LE1^MON^0830-1020^LKC-LT^Teaching Wk1-11,13;LEC/STUDIO^LE1^MON^0830-1020^LT1^Teaching Wk12;TUT^MA04^MON^1530-1620^TR+107^Teaching Wk2-13"
        }
    },
    {
        "model": "courses.courseindex",
        "pk": 47,
        "fields": {
            "course_code": "MH1810",
            "index": "23462",
            "filtered_information": "LEC/STUDIO^LE1^MON^0830-1020^LT1^Teaching Wk12;LEC/STUDIO^LE1^MON^0830-1020^LKC-LT^Teaching Wk1-11,13;TUT^MA05^MON^1530-1620^TR+108^Teaching Wk2-13"
        }
    },
    {
        "model": "courses.courseindex",
        "pk": 48,
        "fields": {
            "course_code": "MH1810",
            "index": "23463",
            "filtered_information": "LEC/STUDIO^LE1^MON^0830-1020^LKC-LT^Teaching Wk1-11,13;LEC/STUDIO^LE1^MON^0830-1020^LT1^Teaching Wk12;TUT^MA06^TUE^1530-1620^TR+36^Teaching Wk2-13"
        }
    },
    {
        "model": "courses.courseindex",
        "pk": 49,
        "fields": {
            "course_code": "MH1810",
            "index": "23464",
            "filtered_information": "TUT^MA07^TUE^1530-1620^TR+109^Teaching Wk2-13;LEC/STUDIO^LE1^MON^0830-1020^LKC-LT^Teaching Wk1-11,13;LEC/STUDIO^LE1^MON^0830-1020^LT1^Teaching Wk12"
        }
    },
    {
        "model": "courses.courseindex",
        "pk": 50,
        "fields": {
            "course_code": "MH1810",
            "index": "23465",
            "filtered_information": "LEC/STUDIO^LE1^MON^0830-1020^LKC-LT^Teaching Wk1-11,13;TUT^MA08^TUE^1530-1620^TR+112^Teaching Wk2-13;LEC/STUDIO^LE1^MON^0830-1020^LT1^Teaching Wk12"
        }
    },
    {
        "model": "courses.courseindex",
        "pk": 51,
        "fields": {
            "course_code": "MH1810",
            "index": "23466",
            "filtered_information": "LEC/STUDIO^LE1^MON^0830-1020^LKC-LT^Teaching Wk1-11,13;LEC/STUDIO^LE1^MON^0830-1020^LT1^Teaching Wk12;TUT^MA09^WED^1230-1320^TR+114^Teaching Wk2-13"
        }
    },
    {
        "model": "courses.courseindex",
        "pk": 52,
        "fields": {
            "course_code": "MH1810",
            "index": "23467",
            "filtered_information": "TUT^MA10^WED^1230-1320^TR+112^Teaching Wk2-13;LEC/STUDIO^LE2^FRI^0830-1020^LKC-LT^"
        }
    },
    {
        "model": "courses.courseindex",
        "pk": 53,
        "fields": {
            "course_code": "MH1810",
            "index": "23468",
            "filtered_information": "TUT^MA11^WED^1230-1320^TR+113^Teaching Wk2-13;LEC/STUDIO^LE2^FRI^0830-1020^LKC-LT^"
        }
    },
    {
        "model": "courses.courseindex",
        "pk": 54,
        "fields": {
            "course_code": "MH1810",
            "index": "28121",
            "filtered_information": "LEC/STUDIO^LE1^MON^0830-1020^LKC-LT^Teaching Wk1-11,13;TUT^CV1^TUE^1030-1120^TR+110^Teaching Wk2-13;LEC/STUDIO^LE1^MON^0830-1020^LT1^Teaching Wk12"
        }
    },
    {
        "model": "courses.courseindex",
        "pk": 55,
        "fields": {
            "course_code": "MH1810",
            "index": "28122",
            "filtered_information": "TUT^CV2^TUE^1130-1220^TR+110^Teaching Wk2-13;LEC/STUDIO^LE1^MON^0830-1020^LKC-LT^Teaching Wk1-11,13;LEC/STUDIO^LE1^MON^0830-1020^LT1^Teaching Wk12"
        }
    },
    {
        "model": "courses.courseindex",
        "pk": 56,
        "fields": {
            "course_code": "MH1810",
            "index": "28123",
            "filtered_information": "LEC/STUDIO^LE1^MON^0830-1020^LKC-LT^Teaching Wk1-11,13;LEC/STUDIO^LE1^MON^0830-1020^LT1^Teaching Wk12;TUT^CV3^TUE^1330-1420^TR+112^Teaching Wk2-13"
        }
    },
    {
        "model": "courses.courseindex",
        "pk": 57,
        "fields": {
            "course_code": "MH1810",
            "index": "28124",
            "filtered_information": "LEC/STUDIO^LE1^MON^0830-1020^LKC-LT^Teaching Wk1-11,13;LEC/STUDIO^LE1^MON^0830-1020^LT1^Teaching Wk12;TUT^CV4^WED^1430-1520^TR+114^Teaching Wk2-13"
        }
    },
    {
        "model": "courses.courseindex",
        "pk": 58,
        "fields": {
            "course_code": "MH1810",
            "index": "28125",
            "filtered_information": "LEC/STUDIO^LE1^MON^0830-1020^LKC-LT^Teaching Wk1-11,13;TUT^CV5^THU^1530-1620^TR+112^Teaching Wk2-13;LEC/STUDIO^LE1^MON^0830-1020^LT1^Teaching Wk12"
        }
    },
    {
        "model": "courses.courseindex",
        "pk": 59,
        "fields": {
            "course_code": "MH1810",
            "index": "28126",
            "filtered_information": "LEC/STUDIO^LE1^MON^0830-1020^LKC-LT^Teaching Wk1-11,13;TUT^CV6^FRI^1130-1220^TR+5^Teaching Wk2-13;LEC/STUDIO^LE1^MON^0830-1020^LT1^Teaching Wk12"
        }
    },
    {
        "model": "courses.courseindex",
        "pk": 60,
        "fields": {
            "course_code": "MH1810",
            "index": "28127",
            "filtered_information": "LEC/STUDIO^LE1^MON^0830-1020^LKC-LT^Teaching Wk1-11,13;TUT^CV7^FRI^1130-1220^TRX43^Teaching Wk2-13;LEC/STUDIO^LE1^MON^0830-1020^LT1^Teaching Wk12"
        }
    },
    {
        "model": "courses.courseindex",
        "pk": 61,
        "fields": {
            "course_code": "MH1810",
            "index": "34000",
            "filtered_information": "LEC/STUDIO^LE1^MON^0830-1020^LKC-LT^Teaching Wk1-11,13;LEC/STUDIO^LE1^MON^0830-1020^LT1^Teaching Wk12;TUT^EE01^MON^1130-1220^TR+108^Teaching Wk2-13"
        }
    },
    {
        "model": "courses.courseindex",
        "pk": 62,
        "fields": {
            "course_code": "MH1810",
            "index": "34001",
            "filtered_information": "TUT^EE02^MON^1230-1320^TR+114^Teaching Wk2-13;LEC/STUDIO^LE1^MON^0830-1020^LKC-LT^Teaching Wk1-11,13;LEC/STUDIO^LE1^MON^0830-1020^LT1^Teaching Wk12"
        }
    },
    {
        "model": "courses.courseindex",
        "pk": 63,
        "fields": {
            "course_code": "MH1810",
            "index": "34002",
            "filtered_information": "LEC/STUDIO^LE1^MON^0830-1020^LKC-LT^Teaching Wk1-11,13;TUT^EE03^MON^1530-1620^TR+113^Teaching Wk2-13;LEC/STUDIO^LE1^MON^0830-1020^LT1^Teaching Wk12"
        }
    },
    {
        "model": "courses.courseindex",
        "pk": 64,
        "fields": {
            "course_code": "MH1810",
            "index": "34003",
            "filtered_information": "LEC/STUDIO^LE1^MON^0830-1020^LKC-LT^Teaching Wk1-11,13;TUT^EE04^TUE^1230-1320^TR+107^Teaching Wk2-13;LEC/STUDIO^LE1^MON^0830-1020^LT1^Teaching Wk12"
        }
    },
    {
        "model": "courses.courseindex",
        "pk": 65,
        "fields": {
            "course_code": "MH1810",
            "index": "34004",
            "filtered_information": "LEC/STUDIO^LE1^MON^0830-1020^LKC-LT^Teaching Wk1-11,13;LEC/STUDIO^LE1^MON^0830-1020^LT1^Teaching Wk12;TUT^EE05^TUE^1430-1520^TR+111^Teaching Wk2-13"
        }
    },
    {
        "model": "courses.courseindex",
        "pk": 66,
        "fields": {
            "course_code": "MH1810",
            "index": "34005",
            "filtered_information": "LEC/STUDIO^LE1^MON^0830-1020^LKC-LT^Teaching Wk1-11,13;TUT^EE06^TUE^1530-1620^TR+111^Teaching Wk2-13;LEC/STUDIO^LE1^MON^0830-1020^LT1^Teaching Wk12"
        }
    },
    {
        "model": "courses.courseindex",
        "pk": 67,
        "fields": {
            "course_code": "MH1810",
            "index": "34006",
            "filtered_information": "LEC/STUDIO^LE1^MON^0830-1020^LKC-LT^Teaching Wk1-11,13;TUT^EE07^WED^1230-1320^TR+106^Teaching Wk2-13;LEC/STUDIO^LE1^MON^0830-1020^LT1^Teaching Wk12"
        }
    },
    {
        "model": "courses.courseindex",
        "pk": 68,
        "fields": {
            "course_code": "MH1810",
            "index": "34007",
            "filtered_information": "LEC/STUDIO^LE1^MON^0830-1020^LKC-LT^Teaching Wk1-11,13;LEC/STUDIO^LE1^MON^0830-1020^LT1^Teaching Wk12;TUT^EE08^WED^1430-1520^TR+106^Teaching Wk2-13"
        }
    },
    {
        "model": "courses.courseindex",
        "pk": 69,
        "fields": {
            "course_code": "MH1810",
            "index": "34008",
            "filtered_information": "LEC/STUDIO^LE1^MON^0830-1020^LKC-LT^Teaching Wk1-11,13;LEC/STUDIO^LE1^MON^0830-1020^LT1^Teaching Wk12;TUT^EE09^WED^1530-1620^TR+21^Teaching Wk2-13"
        }
    },
    {
        "model": "courses.courseindex",
        "pk": 70,
        "fields": {
            "course_code": "MH1810",
            "index": "34009",
            "filtered_information": "LEC/STUDIO^LE1^MON^0830-1020^LKC-LT^Teaching Wk1-11,13;LEC/STUDIO^LE1^MON^0830-1020^LT1^Teaching Wk12;TUT^EE10^THU^1130-1220^TR+112^Teaching Wk2-13"
        }
    },
    {
        "model": "courses.courseindex",
        "pk": 71,
        "fields": {
            "course_code": "MH1810",
            "index": "34010",
            "filtered_information": "LEC/STUDIO^LE1^MON^0830-1020^LKC-LT^Teaching Wk1-11,13;TUT^EE11^THU^1330-1420^TR+34^Teaching Wk2-13;LEC/STUDIO^LE1^MON^0830-1020^LT1^Teaching Wk12"
        }
    },
    {
        "model": "courses.courseindex",
        "pk": 72,
        "fields": {
            "course_code": "MH1810",
            "index": "34011",
            "filtered_information": "LEC/STUDIO^LE1^MON^0830-1020^LKC-LT^Teaching Wk1-11,13;LEC/STUDIO^LE1^MON^0830-1020^LT1^Teaching Wk12;TUT^EE12^THU^1430-1520^TR+34^Teaching Wk2-13"
        }
    },
    {
        "model": "courses.courseindex",
        "pk": 73,
        "fields": {
            "course_code": "MH1810",
            "index": "34012",
            "filtered_information": "LEC/STUDIO^LE1^MON^0830-1020^LKC-LT^Teaching Wk1-11,13;TUT^EE13^THU^1530-1620^TR+114^Teaching Wk2-13;LEC/STUDIO^LE1^MON^0830-1020^LT1^Teaching Wk12"
        }
    },
    {
        "model": "courses.courseindex",
        "pk": 74,
        "fields": {
            "course_code": "MH1810",
            "index": "34013",
            "filtered_information": "TUT^EE14^FRI^1030-1120^TR+106^Teaching Wk2-13;LEC/STUDIO^LE1^MON^0830-1020^LKC-LT^Teaching Wk1-11,13;LEC/STUDIO^LE1^MON^0830-1020^LT1^Teaching Wk12"
        }
    },
    {
        "model": "courses.courseindex",
        "pk": 75,
        "fields": {
            "course_code": "MH1810",
            "index": "50011",
            "filtered_information": "LEC/STUDIO^LE2^FRI^0830-1020^LKC-LT^;TUT^A01^FRI^1430-1520^LHN-TR+02^Teaching Wk2-13"
        }
    },
    {
        "model": "courses.courseindex",
        "pk": 76,
        "fields": {
            "course_code": "MH1810",
            "index": "55189",
            "filtered_information": "TUT^B11^WED^1130-1220^TR+20^Teaching Wk2-13;LEC/STUDIO^LE2^FRI^0830-1020^LKC-LT^"
        }
    },
    {
        "model": "courses.courseindex",
        "pk": 77,
        "fields": {
            "course_code": "MH1810",
            "index": "55190",
            "filtered_information": "TUT^B12^WED^1130-1220^TR+32^Teaching Wk2-13;LEC/STUDIO^LE2^FRI^0830-1020^LKC-LT^"
        }
    },
    {
        "model": "courses.courseindex",
        "pk": 78,
        "fields": {
            "course_code": "MH1810",
            "index": "55191",
            "filtered_information": "TUT^B13^WED^1130-1220^TR+35^Teaching Wk2-13;LEC/STUDIO^LE2^FRI^0830-1020^LKC-LT^"
        }
    },
    {
        "model": "courses.courseindex",
        "pk": 79,
        "fields": {
            "course_code": "MH1810",
            "index": "55192",
            "filtered_information": "TUT^C11^WED^1130-1220^TR+106^Teaching Wk2-13;LEC/STUDIO^LE2^FRI^0830-1020^LKC-LT^"
        }
    },
    {
        "model": "courses.courseindex",
        "pk": 80,
        "fields": {
            "course_code": "MH1810",
            "index": "55193",
            "filtered_information": "LEC/STUDIO^LE2^FRI^0830-1020^LKC-LT^;TUT^C12^WED^1130-1220^TR+107^Teaching Wk2-13"
        }
    },
    {
        "model": "courses.courseindex",
        "pk": 81,
        "fields": {
            "course_code": "MH1810",
            "index": "55194",
            "filtered_information": "TUT^C13^WED^1130-1220^TR+111^Teaching Wk2-13;LEC/STUDIO^LE2^FRI^0830-1020^LKC-LT^"
        }
    },
    {
        "model": "courses.courseindex",
        "pk": 82,
        "fields": {
            "course_code": "MH1810",
            "index": "55195",
            "filtered_information": "LEC/STUDIO^LE2^FRI^0830-1020^LKC-LT^;TUT^C14^WED^0930-1020^TR+106^Teaching Wk2-13"
        }
    },
    {
        "model": "courses.courseindex",
        "pk": 83,
        "fields": {
            "course_code": "MH1810",
            "index": "55196",
            "filtered_information": "TUT^C15^WED^0930-1020^TR+107^Teaching Wk2-13;LEC/STUDIO^LE2^FRI^0830-1020^LKC-LT^"
        }
    },
    {
        "model": "courses.courseindex",
        "pk": 84,
        "fields": {
            "course_code": "MH1810",
            "index": "55197",
            "filtered_information": "LEC/STUDIO^LE2^FRI^0830-1020^LKC-LT^;TUT^CBE1^WED^0930-1020^TR+113^Teaching Wk2-13"
        }
    },
    {
        "model": "courses.courseindex",
        "pk": 85,
        "fields": {
            "course_code": "MH1810",
            "index": "55215",
            "filtered_information": "TUT^CBE2^FRI^1230-1320^TR+22^;LEC/STUDIO^LE2^FRI^0830-1020^LKC-LT^"
        }
    },
    {
        "model": "courses.courseindex",
        "pk": 86,
        "fields": {
            "course_code": "MH1811",
            "index": "50001",
            "filtered_information": "TUT^C01^MON^1230-1320^TR+111^Teaching Wk2-13"
        }
    },
    {
        "model": "courses.courseindex",
        "pk": 87,
        "fields": {
            "course_code": "MH1811",
            "index": "50002",
            "filtered_information": "TUT^C02^MON^1330-1420^TR+111^Teaching Wk2-13"
        }
    },
    {
        "model": "courses.courseindex",
        "pk": 88,
        "fields": {
            "course_code": "MH1811",
            "index": "50003",
            "filtered_information": "TUT^C03^TUE^1230-1320^TR+109^Teaching Wk2-13"
        }
    },
    {
        "model": "courses.courseindex",
        "pk": 89,
        "fields": {
            "course_code": "MH1811",
            "index": "50004",
            "filtered_information": "TUT^C04^TUE^1330-1420^TR+109^Teaching Wk2-13"
        }
    },
    {
        "model": "courses.courseindex",
        "pk": 90,
        "fields": {
            "course_code": "MH1811",
            "index": "50005",
            "filtered_information": "TUT^C05^WED^1230-1320^TR+111^Teaching Wk2-13"
        }
    },
    {
        "model": "courses.courseindex",
        "pk": 91,
        "fields": {
            "course_code": "MH1811",
            "index": "50006",
            "filtered_information": "TUT^C06^THU^1130-1220^TR+111^Teaching Wk2-13"
        }
    },
    {
        "model": "courses.courseindex",
        "pk": 92,
        "fields": {
            "course_code": "MH1811",
            "index": "50007",
            "filtered_information": "TUT^C07^THU^1230-1320^TR+111^Teaching Wk2-13"
        }
    },
    {
        "model": "courses.courseindex",
        "pk": 93,
        "fields": {
            "course_code": "MH4311",
            "index": "70300",
            "filtered_information": ""
        }
    },
    {
        "model": "courses.courseindex",
        "pk": 94,
        "fields": {
            "course_code": "MH4320",
            "index": "70305",
            "filtered_information": ""
        }
    },
    {
        "model": "courses.courseindex",
        "pk": 95,
        "fields": {
            "course_code": "PH1104",
            "index": "70371",
            "filtered_information": "TUT^T1^TUE^1330-1420^SPMS-TR+15^Teaching Wk5-13;TUT^T1^TUE^1330-1420^SPMS-TR+12^Teaching Wk2-4"
        }
    },
    {
        "model": "courses.courseindex",
        "pk": 96,
        "fields": {
            "course_code": "PH1104",
            "index": "70372",
            "filtered_information": "TUT^T2^TUE^1530-1620^SPMS-TR+12^Teaching Wk2-13"
        }
    },
    {
        "model": "courses.courseindex",
        "pk": 97,
        "fields": {
            "course_code": "PH1104",
            "index": "70373",
            "filtered_information": "TUT^T3^WED^1130-1220^SPMS-TR+5^Teaching Wk2-13"
        }
    },
    {
        "model": "courses.courseindex",
        "pk": 98,
        "fields": {
            "course_code": "PH1105",
            "index": "70381",
            "filtered_information": "TUT^T1^MON^0930-1020^SPMS-TR+6^Teaching Wk2-13"
        }
    },
    {
        "model": "courses.courseindex",
        "pk": 99,
        "fields": {
            "course_code": "PH1105",
            "index": "70382",
            "filtered_information": "TUT^T2^MON^1530-1620^SPMS-TR+6^Teaching Wk2-13"
        }
    },
    {
        "model": "courses.courseindex",
        "pk": 100,
        "fields": {
            "course_code": "PH1105",
            "index": "70383",
            "filtered_information": "TUT^T3^WED^1130-1220^SPMS-TR+6^Teaching Wk2-13"
        }
    },
    {
        "model": "courses.courseindex",
        "pk": 101,
        "fields": {
            "course_code": "PH1105",
            "index": "70384",
            "filtered_information": "TUT^T4^FRI^1430-1520^SPMS-TR+8^Teaching Wk2-13"
        }
    },
    {
        "model": "courses.courseindex",
        "pk": 102,
        "fields": {
            "course_code": "PH1107",
            "index": "70401",
            "filtered_information": "TUT^A^MON^0930-1020^SPMS-TR+3^Teaching Wk2-13"
        }
    },
    {
        "model": "courses.courseindex",
        "pk": 103,
        "fields": {
            "course_code": "PH1107",
            "index": "70402",
            "filtered_information": "TUT^B^MON^1330-1420^SPMS-TR+4^Teaching Wk2-13"
        }
    },
    {
        "model": "courses.courseindex",
        "pk": 104,
        "fields": {
            "course_code": "PH1107",
            "index": "70403",
            "filtered_information": "TUT^C^TUE^1330-1420^SPMS-TR+4^Teaching Wk2-13"
        }
    },
    {
        "model": "courses.courseindex",
        "pk": 105,
        "fields": {
            "course_code": "PS0001",
            "index": "70611",
            "filtered_information": "TUT^T1^MON^1530-1620^COMP LAB 2^;LAB^LA1^MON^1630-1820^COMP LAB 2^"
        }
    },
    {
        "model": "courses.courseindex",
        "pk": 106,
        "fields": {
            "course_code": "PS0001",
            "index": "70612",
            "filtered_information": "LAB^LA2^THU^0930-1120^COMP LAB 1^;TUT^T2^THU^0830-0920^COMP LAB 1^"
        }
    },
    {
        "model": "courses.courseindex",
        "pk": 107,
        "fields": {
            "course_code": "PS0001",
            "index": "70613",
            "filtered_information": "TUT^T3^TUE^1530-1620^COMP LAB 1^;LAB^LA3^TUE^1630-1820^COMP LAB 1^"
        }
    },
    {
        "model": "courses.courseindex",
        "pk": 108,
        "fields": {
            "course_code": "PS0001",
            "index": "70614",
            "filtered_information": "LAB^LA4^TUE^1030-1220^COMP LAB 1^;TUT^T4^TUE^0930-1020^COMP LAB 1^"
        }
    },
    {
        "model": "courses.courseindex",
        "pk": 109,
        "fields": {
            "course_code": "PS0001",
            "index": "70615",
            "filtered_information": "TUT^T5^FRI^0930-1020^COMP LAB 3^;LAB^LA5^FRI^1030-1220^COMP LAB 3^"
        }
    },
    {
        "model": "courses.courseindex",
        "pk": 110,
        "fields": {
            "course_code": "PS0001",
            "index": "70616",
            "filtered_information": "LAB^LA6^MON^1430-1620^COMP LAB 1^;TUT^T6^MON^1330-1420^COMP LAB 1^"
        }
    },
    {
        "model": "courses.courseindex",
        "pk": 111,
        "fields": {
            "course_code": "PS0001",
            "index": "70617",
            "filtered_information": "LAB^LA7^THU^1630-1820^COMP LAB 3^;TUT^T7^THU^1530-1620^COMP LAB 3^"
        }
    },
    {
        "model": "courses.courseindex",
        "pk": 112,
        "fields": {
            "course_code": "PS0001",
            "index": "70618",
            "filtered_information": "TUT^T8^FRI^1430-1520^COMP LAB 1^;LAB^LA8^FRI^1530-1720^COMP LAB 1^"
        }
    },
    {
        "model": "courses.courseindex",
        "pk": 113,
        "fields": {
            "course_code": "PS0001",
            "index": "70619",
            "filtered_information": "LAB^LA9^WED^1630-1820^COMP LAB 3^;TUT^T9^WED^1530-1620^COMP LAB 3^"
        }
    },
    {
        "model": "courses.courseindex",
        "pk": 114,
        "fields": {
            "course_code": "SC1007",
            "index": "10179",
            "filtered_information": "TUT^SDDA^MON^1430-1520^TR+18^Teaching Wk2-13;LAB^SDDA^WED^1030-1220^SWLAB2^"
        }
    },
    {
        "model": "courses.courseindex",
        "pk": 115,
        "fields": {
            "course_code": "SC1007",
            "index": "10180",
            "filtered_information": "LAB^SDDB^TUE^1230-1420^SWLAB1^;TUT^SDDB^FRI^0930-1020^TR+15^Teaching Wk2-13"
        }
    },
    {
        "model": "courses.courseindex",
        "pk": 116,
        "fields": {
            "course_code": "SC1007",
            "index": "10181",
            "filtered_information": "LAB^SDDC^TUE^1430-1620^SPL^;TUT^SDDC^MON^1630-1720^TR+15^Teaching Wk2-13"
        }
    },
    {
        "model": "courses.courseindex",
        "pk": 117,
        "fields": {
            "course_code": "SC1007",
            "index": "10182",
            "filtered_information": "TUT^SR1^FRI^1330-1420^TR+8^Teaching Wk2-13;LAB^SR1^TUE^1030-1220^SPL^"
        }
    },
    {
        "model": "courses.courseindex",
        "pk": 118,
        "fields": {
            "course_code": "SC1007",
            "index": "10183",
            "filtered_information": "LAB^SR2^WED^1230-1420^SPL^;TUT^SR2^THU^1130-1220^TR+4^Teaching Wk2-13"
        }
    },
    {
        "model": "courses.courseindex",
        "pk": 119,
        "fields": {
            "course_code": "SC1007",
            "index": "10184",
            "filtered_information": "LAB^REP^THU^1430-1620^SWLAB2^;TUT^REP^MON^1530-1620^TR+16^Teaching Wk2-13"
        }
    },
    {
        "model": "courses.courseindex",
        "pk": 120,
        "fields": {
            "course_code": "SC2006",
            "index": "10292",
            "filtered_information": "TUT^SCS1^TUE^1030-1120^TR+19^Teaching Wk2-13;LAB^SCS1^TUE^1430-1620^SWLAB3^Teaching Wk2,4,6,8,10,12"
        }
    },
    {
        "model": "courses.courseindex",
        "pk": 121,
        "fields": {
            "course_code": "SC2006",
            "index": "10293",
            "filtered_information": "TUT^SCS2^MON^1430-1520^TR+5^Teaching Wk2-13;LAB^SCS2^MON^1030-1220^SWLAB3^Teaching Wk1,3,5,7,9,11,13"
        }
    },
    {
        "model": "courses.courseindex",
        "pk": 122,
        "fields": {
            "course_code": "SC2006",
            "index": "10294",
            "filtered_information": "LAB^SCS3^MON^1030-1220^SWLAB3^Teaching Wk2,4,6,8,10,12;TUT^SCS3^MON^1630-1720^TR+4^Teaching Wk2-13"
        }
    },
    {
        "model": "courses.courseindex",
        "pk": 123,
        "fields": {
            "course_code": "SC2006",
            "index": "10295",
            "filtered_information": "LAB^SCS4^WED^1430-1620^SWLAB3^Teaching Wk1,3,5,7,9,11,13;TUT^SCS4^FRI^1230-1320^TR+15^Teaching Wk2-13"
        }
    },
    {
        "model": "courses.courseindex",
        "pk": 124,
        "fields": {
            "course_code": "SC2006",
            "index": "10296",
            "filtered_information": "LAB^SCS5^TUE^1230-1420^SWLAB3^Teaching Wk2,4,6,8,10,12;TUT^SCS5^TUE^1130-1220^TR+17^Teaching Wk2-13"
        }
    },
    {
        "model": "courses.courseindex",
        "pk": 125,
        "fields": {
            "course_code": "SC2006",
            "index": "10297",
            "filtered_information": "TUT^SCS6^THU^1630-1720^TR+17^Teaching Wk2-13;LAB^SCS6^THU^1430-1620^SWLAB3^Teaching Wk1,3,5,7,9,11,13"
        }
    },
    {
        "model": "courses.courseindex",
        "pk": 126,
        "fields": {
            "course_code": "SC2006",
            "index": "10298",
            "filtered_information": "TUT^SCS7^TUE^1630-1720^TR+18^Teaching Wk2-13;LAB^SCS7^WED^1030-1220^SWLAB3^Teaching Wk2,4,6,8,10,12"
        }
    },
    {
        "model": "courses.courseindex",
        "pk": 127,
        "fields": {
            "course_code": "SC2006",
            "index": "10299",
            "filtered_information": "TUT^SDAA^MON^1530-1620^TR+6^Teaching Wk2-13;LAB^SDAA^FRI^1230-1420^SWLAB3^Teaching Wk2,4,6,8,10,12"
        }
    },
    {
        "model": "courses.courseindex",
        "pk": 128,
        "fields": {
            "course_code": "SC2006",
            "index": "10300",
            "filtered_information": "LAB^SDAB^FRI^1230-1420^SWLAB3^Teaching Wk1,3,5,7,9,11,13;TUT^SDAB^THU^1630-1720^TR+23^Teaching Wk2-13"
        }
    },
    {
        "model": "courses.courseindex",
        "pk": 129,
        "fields": {
            "course_code": "SC2006",
            "index": "10301",
            "filtered_information": "TUT^SDAC^MON^0930-1020^TR+9^Teaching Wk2-13;LAB^SDAC^TUE^1430-1620^SWLAB3^Teaching Wk2,4,6,8,10,12"
        }
    },
    {
        "model": "courses.courseindex",
        "pk": 130,
        "fields": {
            "course_code": "SC2006",
            "index": "10302",
            "filtered_information": "TUT^SDAD^WED^1530-1620^TR+6^Teaching Wk2-13;LAB^SDAD^TUE^1030-1220^SWLAB3^Teaching Wk2,4,6,8,10,12"
        }
    },
    {
        "model": "courses.courseindex",
        "pk": 131,
        "fields": {
            "course_code": "SC2006",
            "index": "10303",
            "filtered_information": "LAB^REP^FRI^1430-1620^SWLAB3^Teaching Wk2,4,6,8,10,12;TUT^REP^WED^1230-1320^TR+6^Teaching Wk2-13"
        }
    },
    {
        "model": "courses.courseindex",
        "pk": 132,
        "fields": {
            "course_code": "SC2006",
            "index": "10304",
            "filtered_information": "TUT^TDDA^WED^1630-1720^TR+4^Teaching Wk2-13;LAB^TDDA^TUE^1430-1620^SWLAB3^Teaching Wk1,3,5,7,9,11,13"
        }
    },
    {
        "model": "courses.courseindex",
        "pk": 133,
        "fields": {
            "course_code": "SC2006",
            "index": "10305",
            "filtered_information": "LAB^TDDB^TUE^1030-1220^SWLAB3^Teaching Wk1,3,5,7,9,11,13;TUT^TDDB^WED^1630-1720^TR+5^Teaching Wk2-13"
        }
    },
    {
        "model": "courses.courseindex",
        "pk": 134,
        "fields": {
            "course_code": "SC2008",
            "index": "10306",
            "filtered_information": "TUT^TCMA^THU^1130-1220^TR+17^Teaching Wk2-13;LAB^TCMA^FRI^1230-1420^HWLAB1^Teaching Wk1,3,5,7,9,11,13"
        }
    },
    {
        "model": "courses.courseindex",
        "pk": 135,
        "fields": {
            "course_code": "SC2008",
            "index": "10307",
            "filtered_information": "TUT^TDDA^THU^1430-1520^TR+7^Teaching Wk2-13;LAB^TDDA^MON^1430-1620^SWLAB2^Teaching Wk2,4,6,8,10,12"
        }
    },
    {
        "model": "courses.courseindex",
        "pk": 136,
        "fields": {
            "course_code": "SC2008",
            "index": "10308",
            "filtered_information": "TUT^TDDB^TUE^1330-1420^TR+3^Teaching Wk2-13;LAB^TDDB^TUE^1430-1620^SWLAB2^Teaching Wk2,4,6,8,10,12"
        }
    },
    {
        "model": "courses.courseindex",
        "pk": 137,
        "fields": {
            "course_code": "SC2008",
            "index": "10309",
            "filtered_information": "TUT^TR1^WED^1330-1420^TR+3^Teaching Wk2-13;LAB^TR1^WED^1030-1220^SWLAB2^Teaching Wk2,4,6,8,10,12"
        }
    },
    {
        "model": "courses.courseindex",
        "pk": 138,
        "fields": {
            "course_code": "SC2008",
            "index": "10310",
            "filtered_information": "LAB^TR2^THU^1030-1220^HWLAB1^Teaching Wk2,4,6,8,10,12;TUT^TR2^WED^1130-1220^TR+8^Teaching Wk2-13"
        }
    },
    {
        "model": "courses.courseindex",
        "pk": 139,
        "fields": {
            "course_code": "SC2008",
            "index": "10311",
            "filtered_information": "TUT^TR3^MON^1430-1520^TR+6^Teaching Wk2-13;LAB^TR3^WED^1430-1620^SWLAB2^Teaching Wk2,4,6,8,10,12"
        }
    },
    {
        "model": "courses.courseindex",
        "pk": 140,
        "fields": {
            "course_code": "SC2207",
            "index": "10341",
            "filtered_information": "TUT^TCCA^WED^0930-1020^LT10^Teaching Wk2-13;LAB^TCCA^TUE^1230-1420^SWLAB1^Teaching Wk1,3,5,7,9,11,13"
        }
    },
    {
        "model": "courses.courseindex",
        "pk": 141,
        "fields": {
            "course_code": "SC2207",
            "index": "10342",
            "filtered_information": "TUT^REP^WED^1330-1420^LT10^Teaching Wk2-13;LAB^REP^WED^1430-1620^SWLAB2^Teaching Wk2,4,6,8,10,12"
        }
    },
    {
        "model": "courses.courseindex",
        "pk": 142,
        "fields": {
            "course_code": "SC2207",
            "index": "10343",
            "filtered_information": "TUT^TEL1^WED^1230-1320^LT10^Teaching Wk2-13;LAB^TEL1^TUE^1230-1420^SWLAB1^Teaching Wk2,4,6,8,10,12"
        }
    },
    {
        "model": "courses.courseindex",
        "pk": 143,
        "fields": {
            "course_code": "SC4013",
            "index": "10510",
            "filtered_information": ""
        }
    },
    {
        "model": "courses.courseindex",
        "pk": 144,
        "fields": {
            "course_code": "SC5002",
            "index": "10511",
            "filtered_information": ""
        }
    },
    {
        "model": "courses.courseindex",
        "pk": 145,
        "fields": {
            "course_code": "SP0008",
            "index": "22031",
            "filtered_information": "SEM^S1^TUE^1630-1920^TR+21^"
        }
    },
    {
        "model": "courses.courseindex",
        "pk": 146,
        "fields": {
            "course_code": "SP0008",
            "index": "22032",
            "filtered_information": "SEM^S2^WED^1630-1920^TR+32^"
        }
    },
    {
        "model": "courses.courseindex",
        "pk": 147,
        "fields": {
            "course_code": "SP0008",
            "index": "22033",
            "filtered_information": "SEM^S3^THU^1630-1920^TR+22^"
        }
    },
    {
        "model": "courses.courseindex",
        "pk": 148,
        "fields": {
            "course_code": "SP0061",
            "index": "22127",
            "filtered_information": "SEM^S1^TUE^1730-1920^LHS-TR+5^"
        }
    },
    {
        "model": "courses.courseindex",
        "pk": 149,
        "fields": {
            "course_code": "SP0061",
            "index": "22128",
            "filtered_information": "SEM^S2^WED^1430-1620^LHS-TR+5^"
        }
    },
    {
        "model": "courses.courseindex",
        "pk": 150,
        "fields": {
            "course_code": "SP0061",
            "index": "22129",
            "filtered_information": "SEM^S3^WED^1730-1920^LHS-TR+49^"
        }
    },
    {
        "model": "courses.courseindex",
        "pk": 151,
        "fields": {
            "course_code": "SP0069",
            "index": "22126",
            "filtered_information": ""
        }
    },
    {
        "model": "courses.courseprogram",
        "pk": 1,
        "fields": {
            "name": "Mathematical And Computer Sciences Year 1",
            "value": "MACS;;1;F",
            "last_updated": "2024-09-13T06:28:31.314Z",
            "year": 1,
            "courses": [
                "MH1100",
                "MH1200",
                "MH1300",
                "SC1007"
            ]
        }
    },
    {
        "model": "courses.courseprogram",
        "pk": 2,
        "fields": {
            "name": "Mathematical And Computer Sciences Year 2",
            "value": "MACS;;2;F",
            "last_updated": "2024-09-13T06:28:31.316Z",
            "year": 2,
            "courses": [
                "MH4320",
                "SC2006",
                "SC2207"
            ]
        }
    },
    {
        "model": "courses.courseprogram",
        "pk": 3,
        "fields": {
            "name": "Mathematical And Computer Sciences Year 3",
            "value": "MACS;;3;F",
            "last_updated": "2024-09-13T06:28:31.318Z",
            "year": 3,
            "courses": [
                "MH4311",
                "MH4320",
                "SC2008"
            ]
        }
    },
    {
        "model": "courses.courseprogram",
        "pk": 4,
        "fields": {
            "name": "Mathematical And Computer Sciences Year 4",
            "value": "MACS;;4;F",
            "last_updated": "2024-09-13T06:28:31.320Z",
            "year": 4,
            "courses": [
                "MH4311",
                "MH4320",
                "SC4013"
            ]
        }
    },
    {
        "model": "courses.courseprogram",
        "pk": 5,
        "fields": {
            "name": "Mathematical Sciences Year 1",
            "value": "MATH;;1;F",
            "last_updated": "2024-09-13T06:28:31.380Z",
            "year": 1,
            "courses": [
                "MH1100",
                "MH1200",
                "MH1300",
                "PS0001",
                "SP0061"
            ]
        }
    },
    {
        "model": "courses.courseprogram",
        "pk": 6,
        "fields": {
            "name": "Mathematical Sciences Year 2",
            "value": "MATH;;2;F",
            "last_updated": "2024-09-13T06:28:31.382Z",
            "year": 2,
            "courses": [
                "PS0001"
            ]
        }
    },
    {
        "model": "courses.courseprogram",
        "pk": 7,
        "fields": {
            "name": "Mathematical Sciences Year 3",
            "value": "MATH;;3;F",
            "last_updated": "2024-09-13T06:28:31.384Z",
            "year": 3,
            "courses": [
                "MH4311",
                "MH4320"
            ]
        }
    },
    {
        "model": "courses.courseprogram",
        "pk": 8,
        "fields": {
            "name": "Mathematical Sciences Year 4",
            "value": "MATH;;4;F",
            "last_updated": "2024-09-13T06:28:31.386Z",
            "year": 4,
            "courses": [
                "MH4311",
                "MH4320"
            ]
        }
    },
    {
        "model": "courses.courseprogram",
        "pk": 9,
        "fields": {
            "name": "Physics and Applied Physics Year 1",
            "value": "PHY;;1;F",
            "last_updated": "2024-09-13T06:28:31.499Z",
            "year": 1,
            "courses": [
                "PH1104",
                "PH1105",
                "PH1107",
                "PS0001",
                "SP0061"
            ]
        }
    },
    {
        "model": "courses.courseprogram",
        "pk": 10,
        "fields": {
            "name": "Computer Science And Economics Year 1",
            "value": "CSEC;;1;F",
            "last_updated": "2024-09-13T06:28:31.773Z",
            "year": 1,
            "courses": [
                "MH1810",
                "SC1007",
                "SP0061"
            ]
        }
    },
    {
        "model": "courses.courseprogram",
        "pk": 11,
        "fields": {
            "name": "Computer Science And Economics Year 2",
            "value": "CSEC;;2;F",
            "last_updated": "2024-09-13T06:28:31.775Z",
            "year": 2,
            "courses": [
                "SC2006",
                "SC2207"
            ]
        }
    },
    {
        "model": "courses.courseprogram",
        "pk": 12,
        "fields": {
            "name": "Computer Science And Economics Year 3",
            "value": "CSEC;;3;F",
            "last_updated": "2024-09-13T06:28:31.777Z",
            "year": 3,
            "courses": [
                "SC2008",
                "SC4013"
            ]
        }
    },
    {
        "model": "courses.courseprogram",
        "pk": 13,
        "fields": {
            "name": "Computer Science And Economics Year 4",
            "value": "CSEC;;4;F",
            "last_updated": "2024-09-13T06:28:31.779Z",
            "year": 4,
            "courses": [
                "SC4013"
            ]
        }
    },
    {
        "model": "courses.courseprogram",
        "pk": 14,
        "fields": {
            "name": "Computer Science And Economics Year 5",
            "value": "CSEC;;5;F",
            "last_updated": "2024-09-13T06:28:31.781Z",
            "year": 5,
            "courses": [
                "SC4013"
            ]
        }
    },
    {
        "model": "courses.courseprogram",
        "pk": 15,
        "fields": {
            "name": "Environmental Engineering And Economics Year 1",
            "value": "ENEC;;1;F",
            "last_updated": "2024-09-13T06:28:31.799Z",
            "year": 1,
            "courses": [
                "MH1810",
                "MH1811",
                "SP0061"
            ]
        }
    },
    {
        "model": "courses.courseprogram",
        "pk": 16,
        "fields": {
            "name": "Information Engineering &amp; Media And Economics Year 1",
            "value": "IEEC;;1;F",
            "last_updated": "2024-09-13T06:28:31.809Z",
            "year": 1,
            "courses": [
                "MH1810",
                "MH1811",
                "SP0061"
            ]
        }
    }
]
